                  epoch,         train/box_loss,         train/cls_loss,         train/dfl_loss,   metrics/precision(B),      metrics/recall(B),       metrics/mAP50(B),    metrics/mAP50-95(B),           val/box_loss,           val/cls_loss,           val/dfl_loss,                 lr/pg0,                 lr/pg1,                 lr/pg2
                      0,                 1.0884,                0.09622,                 1.0031,                  0.512,                0.40664,                0.36217,                0.24829,                 1.0213,                0.09683,                0.97538,              0.0033331,              0.0033331,              0.0033331
                      1,                 1.0455,                 0.0797,                0.98332,                0.53115,                0.41557,                0.39081,                0.27308,                  1.009,                0.09766,                0.97388,              0.0053465,              0.0053465,              0.0053465
                      2,                 1.0381,                0.07644,                0.98263,                0.43546,                0.41858,                0.38481,                 0.2675,                 1.0053,                0.09973,                0.97226,              0.0060399,              0.0060399,              0.0060399
                      3,                 1.0069,                0.06997,                0.97086,                0.43293,                0.41543,                0.38487,                0.26965,                  1.001,                0.10096,                0.97109,                0.00406,                0.00406,                0.00406
                      4,                 0.9813,                0.06431,                0.95969,                0.43273,                0.41171,                0.38733,                0.27116,                 1.0003,                0.10218,                0.97111,                0.00406,                0.00406,                0.00406
