                  epoch,         train/box_loss,         train/cls_loss,         train/dfl_loss,   metrics/precision(B),      metrics/recall(B),       metrics/mAP50(B),    metrics/mAP50-95(B),           val/box_loss,           val/cls_loss,           val/dfl_loss,                 lr/pg0,                 lr/pg1,                 lr/pg2
                      0,                  1.093,                0.13349,                 1.0043,                0.40657,                0.40807,                0.36415,                0.25316,                  1.025,                0.13081,                0.97493,              0.0033331,              0.0033331,              0.0033331
                      1,                 1.0498,                0.11591,                0.98424,                0.52892,                0.42299,                0.38298,                0.26543,                 1.0112,                0.13203,                0.97127,              0.0053465,              0.0053465,              0.0053465
                      2,                 1.0425,                0.11223,                 0.9854,                0.52515,                0.42117,                0.38308,                0.26429,                 1.0079,                0.13384,                0.97389,              0.0060399,              0.0060399,              0.0060399
                      3,                 1.0113,                0.10358,                0.97204,                0.43141,                0.41763,                0.38483,                0.26558,                 1.0062,                0.13546,                 0.9722,                0.00406,                0.00406,                0.00406
                      4,                 0.9851,                0.09626,                0.96066,                0.43761,                  0.412,                0.39186,                0.27138,                 1.0047,                0.13683,                0.97102,                0.00406,                0.00406,                0.00406
