                  epoch,         train/box_loss,         train/cls_loss,         train/dfl_loss,   metrics/precision(B),      metrics/recall(B),       metrics/mAP50(B),    metrics/mAP50-95(B),           val/box_loss,           val/cls_loss,           val/dfl_loss,                 lr/pg0,                 lr/pg1,                 lr/pg2
                      1,                 1.0656,                0.36462,                0.99469,                0.42854,                0.40701,                0.37589,                0.26195,                 1.0045,                0.35295,                0.97069,              0.0033331,              0.0033331,              0.0033331
                      2,                 1.0247,                 0.3385,                0.97647,                 0.5154,                0.41763,                0.39599,                0.27833,                0.99074,                0.34727,                0.96814,              0.0053465,              0.0053465,              0.0053465
                      3,                 1.0173,                0.33668,                0.97621,                0.45826,                0.41541,                0.39026,                0.27406,                0.98709,                0.34827,                0.96598,              0.0060399,              0.0060399,              0.0060399
                      4,                0.98695,                0.32523,                0.96433,                0.43449,                0.42787,                 0.3928,                0.27668,                0.98342,                0.34972,                0.96469,                0.00406,                0.00406,                0.00406
                      5,                0.96203,                0.31601,                0.95289,                0.43775,                0.43128,                0.40071,                0.28166,                 0.9818,                0.34971,                 0.9638,                0.00406,                0.00406,                0.00406
