                  epoch,         train/box_loss,         train/cls_loss,         train/dfl_loss,   metrics/precision(B),      metrics/recall(B),       metrics/mAP50(B),    metrics/mAP50-95(B),           val/box_loss,           val/cls_loss,           val/dfl_loss,                 lr/pg0,                 lr/pg1,                 lr/pg2
                      0,                  1.109,                0.83452,                 1.0122,                0.54019,                0.39472,                0.38484,                0.26467,                 1.0502,                0.85605,                0.98706,              0.0033331,              0.0033331,              0.0033331
                      1,                 1.0835,                0.70753,                 1.0009,                0.48994,                0.41329,                0.39256,                0.27231,                 1.0445,                0.85367,                0.99297,              0.0066335,              0.0066335,              0.0066335
                      2,                 1.0965,                0.70884,                 1.0103,                0.53699,                0.41287,                0.39011,                0.27089,                 1.0417,                 0.8527,                0.99481,              0.0099008,              0.0099008,              0.0099008
                      3,                 1.0811,                0.68006,                 1.0071,                0.55615,                0.37551,                0.39236,                0.27502,                 1.0463,                 0.9224,                 1.0071,              0.0098515,              0.0098515,              0.0098515
                      4,                 1.0434,                0.62476,                 0.9899,                0.61554,                0.36605,                0.39104,                0.27481,                 1.0481,                0.95419,                 1.0113,              0.0098515,              0.0098515,              0.0098515
